plate_number,db_image_path
٦٦٢٥٥١,./Rdata/raw_data10_JPG.rf.92f02e83b857205023818f33d825b1da.jpg
٦٠٩٢٦٩,./Rdata/raw_data11_JPG.rf.8266dd952e783a3f5dff8a790ef633ab.jpg
٥٠٥٢٧,./Rdata/raw_data13_JPG.rf.e52bc69522e514b0de527e59b6980603.jpg
١٢٢١٦٩,./Rdata/raw_data14_JPG.rf.0557a1929653538af085ba7870ddf5e4.jpg
٥٢٠٧٨,./Rdata/raw_data15_JPG.rf.e312e88c5d3ac787303c190bbfa30a1b.jpg
٥٩٨٦٤٢,./Rdata/raw_data16_JPG.rf.c19be1d6248e08ef788eaa32d9c81559.jpg
٢٣٤٢١,./Rdata/raw_data17_JPG.rf.b66861de48c583d8f401c7720c965ab0.jpg
٢٢٤٢١,./Rdata/raw_data19_JPG.rf.54ee9d780c172748150a331845da1760.jpg
٦٧٥٨٧٤,./Rdata/raw_data1_JPG.rf.800a8e3a9b2f339797e4d77367d7d0c6.jpg
٣٤٢١٦,./Rdata/raw_data20_JPG.rf.73437b8e9b5dbbbce444ea9807f52d7b.jpg
٦٣٧٦٨,./Rdata/raw_data21_JPG.rf.5665e9f78c4e3bc26baac6e0e3a09b3a.jpg
٤٣٢٤٦٥,./Rdata/raw_data23_JPG.rf.7dfe9da4e3ae4c19dff51087b66bbccd.jpg
٤٩٥٨٣,./Rdata/raw_data24_JPG.rf.61d242b03ae5b5cba5d4c352bfdab840.jpg
٤٩٧١٩,./Rdata/raw_data25_JPG.rf.1d2ef4b4c9ba8a175fb50495603f830e.jpg
٦٢٨٠٩,./Rdata/raw_data26_JPG.rf.3c7fd776260bf609cac310bc94a568eb.jpg
٦٠٠٥٦,./Rdata/raw_data27_JPG.rf.dedfb5239edb4be39d4203bb27788f1a.jpg
٦٨٢٠٩,./Rdata/raw_data28_JPG.rf.6e9d59e4e55cf7c69adc13cbe0987686.jpg
٨٤٨١١,./Rdata/raw_data29_JPG.rf.3e82636d34814d1aeb9a4d86688b994e.jpg
٤٩١٤٣٥,./Rdata/raw_data2_JPG.rf.9156814373f13909b179ce026338f992.jpg
١٥٧٩٨,./Rdata/raw_data30_JPG.rf.2c55109aa6eed8e3af61db64fb62ece5.jpg
٧٧٦٥١,./Rdata/raw_data31_JPG.rf.2353682225c9a8e936fd247f25ce6fd4.jpg
٢٥٤٦٢,./Rdata/raw_data32_JPG.rf.2a0cd38002a1f1bf7549d4b622ccd199.jpg
٦٢٧١٥٣,./Rdata/raw_data33_JPG.rf.b9ef0ea319c005242529f6620717fed9.jpg
٧٩٦٦٠,./Rdata/raw_data34_JPG.rf.8736f57c15540f8776a8e0710b548aa4.jpg
١١٢٨٣٧,./Rdata/raw_data35_JPG.rf.565f95f2b5c8119ee0e394dee52aa731.jpg
٢٩٢١٩,./Rdata/raw_data36_JPG.rf.f5f2dad9ab576c61e2ed34c2f96f6b37.jpg
٥٩٢٨٥٣,./Rdata/raw_data37_JPG.rf.6bd97f9b546828c58ed04a39e1470533.jpg
٣٩٨٣٢,./Rdata/raw_data38_JPG.rf.c25239e521d527d3c2971a8b8eb29774.jpg
٤٧٧٧٠,./Rdata/raw_data39_JPG.rf.dd15c424283d75e20aafd56e73352315.jpg
٣٧٩٨٥٠,./Rdata/raw_data3_JPG.rf.8f415c314b559e7a2834bbde18c97b96.jpg
٦٩٦٣٨,./Rdata/raw_data41_JPG.rf.94e66794bd6b0c926ecd057115fe0bf8.jpg
٥٣٤٩٥٢,./Rdata/raw_data42_JPG.rf.600f5598a68ca86d1889a7cd854fe3d4.jpg
١٧٢٦٧,./Rdata/raw_data43_JPG.rf.b49f5410324f553e6281a3fb5183038e.jpg
٢١٤١٤,./Rdata/raw_data44_JPG.rf.a59166ecaaa97a6e051257f3dd51017e.jpg
٧٩٩١٠,./Rdata/raw_data45_JPG.rf.bac265cbfe0070c6e0cf63bb36a1b79f.jpg
٧٠٨٢٤,./Rdata/raw_data46_JPG.rf.773bc482d201a64496c37fcea007daae.jpg
٦٤٢٥٨,./Rdata/raw_data47_JPG.rf.98d4938749a98c9805f6c2439cef430e.jpg
٧٣٤٦٨,./Rdata/raw_data48_JPG.rf.0647e54e003023e2802a5fcee3d50023.jpg
٤٤٥٣١,./Rdata/raw_data49_JPG.rf.618bcadd9360035eef649fe53b372e96.jpg
١٣٧٢٢٦,./Rdata/raw_data4_JPG.rf.75f5437593cd1a0f3fd068bdc29f0bff.jpg
٥٦٢٢٩,./Rdata/raw_data50_JPG.rf.ffebd4ce3ec13c6041437233730fdd0d.jpg
٥٧٤١٤٦,./Rdata/raw_data51_JPG.rf.ba4e8f6058923d75514915461c589e74.jpg
٦٥٢٢٣٧,./Rdata/raw_data52_JPG.rf.b62043c773ee2053aa80bfa1ab2f38f7.jpg
٢٠٩٨١٩,./Rdata/raw_data54_JPG.rf.87ea03d9e02d36031d45011c60af8261.jpg
٥٢٥٦٦٣,./Rdata/raw_data55_JPG.rf.e069f2f5ec1eae110d56415039676d36.jpg
٧٨٤٣٢,./Rdata/raw_data57_JPG.rf.9d590aebe8fa88e5306944514191d624.jpg
١١٩٨٦,./Rdata/raw_data58_JPG.rf.f9885bd3b2cd7af042d5de9b4e5a7e91.jpg
٥٧٨٦٨,./Rdata/raw_data59_JPG.rf.c9fbdc39747c1b924331dd97dc9dc289.jpg
٤٦٨٠٣٠,./Rdata/raw_data5_JPG.rf.01d3796b1d0934ced0247c810d55ff31.jpg
١٦٢٨,./Rdata/raw_data60_JPG.rf.ade6f7eed811e80ebeb266cc797b4273.jpg
٢٣٤٧٥,./Rdata/raw_data61_JPG.rf.9ae7181b60609cf2ad3a8facfd93611c.jpg
٥٧٤١٤٧,./Rdata/raw_data6_JPG.rf.0e8a519e62da72fb364b9054e7c59157.jpg
٤٩٨٧٩٩,./Rdata/raw_data7_JPG.rf.6abdf5749beb952ee52fa096ca4a4830.jpg
٤٤٤١٥٤,./Rdata/raw_data8_JPG.rf.4084bd985217d7e0fe12583c801952af.jpg
٥١١٠٩٢,./Rdata/raw_data9_JPG.rf.2ca010bd96a3f697b27488c2a8d0129c.jpg
١٣٤٠٩,./Rdata/raw_dataa-103-_JPG.rf.551d16d3086777b90f1325ca96258930.jpg
٥٠٠٠٠,./Rdata/raw_dataa-106-_JPG.rf.1e6aa1c250d8b0364dee0a013eb6bf62.jpg
٣٠٠٠٠,./Rdata/raw_dataa-108-_JPG.rf.7435ae1064af64e23170d3af13f796fe.jpg
٨٠٧٩٠,./Rdata/raw_dataa-110-_JPG.rf.6ce679d662a2fe6af2fa97c341fd70a8.jpg
٣,./Rdata/raw_dataa-116-_JPG.rf.3f97349d895f2206d7bd4a509913de98.jpg
٨٢,./Rdata/raw_dataa-118-_JPG.rf.81aba91ad1cd25901a2f54f0cc8f3f04.jpg
٣٠٢٠٢٧,./Rdata/raw_dataa-122-_JPG.rf.e9c021da8847231607c0b67d997168b2.jpg
٢٢٥٤٣,./Rdata/raw_dataa-123-_JPG.rf.e127fe7cbd2c4dc8bb488cb2907adb24.jpg
٤٢٤٣,./Rdata/raw_dataa-134-_JPG.rf.75332dfe8ceacda8334b081494d2e1ee.jpg
٥٦٦٩,./Rdata/raw_dataa-136-_JPG.rf.8259bd7794aa8934b192157ca376baff.jpg
٧٢٠٢٠,./Rdata/raw_dataa-138-_JPG.rf.6101468452a035411e3c9c0569c7d91b.jpg
٢٠٠٨,./Rdata/raw_dataa-14-_JPG.rf.e18dcd53e7b28fc779adffa740f40deb.jpg
٦٦,./Rdata/raw_dataa-141-_JPG.rf.35501b22c48d8af8831338aafc050899.jpg
٥٩٠,./Rdata/raw_dataa-142-_JPG.rf.45964f7d88cf4ce7e69e4d933377b312.jpg
٨,./Rdata/raw_dataa-143-_JPG.rf.920567b15233311522f8a592037468df.jpg
٨٠٠٠٠,./Rdata/raw_dataa-144-_JPG.rf.381085c97840b639de505664005691e8.jpg
٢٠١٧,./Rdata/raw_dataa-145-_JPG.rf.0266c370e5f7d0171ebcf5eda8ec2c73.jpg
١٠٠٠,./Rdata/raw_dataa-148-_JPG.rf.be78f1f93bf40c5cddbcaa3605fd0ab8.jpg
٢٢٢٢,./Rdata/raw_dataa-164-_JPG.rf.0c6a9af9d9898c453c159463564ff79a.jpg
١٢٠٢٠,./Rdata/raw_dataa-168-b_JPG.rf.730c948ef3746894e1bf8c0fef435abc.jpg
٤,./Rdata/raw_dataa-17-_JPG.rf.67fdfbb211caaa8e92c1badd955f53bd.jpg
٨٨٨٨,./Rdata/raw_dataa-175-_JPG.rf.5767f00b21b0096df6e056c24ee32c8d.jpg
٥٠٣١٢,./Rdata/raw_dataa-192-_JPG.rf.cffdd15a7feea03fe417d8e9ec217c7d.jpg
١٩٧٠,./Rdata/raw_dataa-198-_JPG.rf.0e3bb0e8f4114277e991938654616443.jpg
٥٧٥٥٧,./Rdata/raw_dataa-2-b_JPG.rf.ddb7a420b99a31c906e58bde9f282d60.jpg
١٣٠١٢,./Rdata/raw_dataa-2-copy-b_JPG.rf.26e687e60a02d8897c1644b83bf09343.jpg
٢٠٣٣٠٣,./Rdata/raw_dataa-20-_JPG.rf.0d15746336a8e45632f3bbe284afb278.jpg
١٩٥٣,./Rdata/raw_dataa-202-_JPG.rf.6642e7a229cd1c982d06bf065934b42f.jpg
١٠٠٠١,./Rdata/raw_dataa-203-_JPG.rf.81a5e7793a41702a80628c7d31082fcb.jpg
١,./Rdata/raw_dataa-212-_JPG.rf.952e1a13fd24345d7fe191dbb323e5a5.jpg
٤٠٣,./Rdata/raw_dataa-225-_JPG.rf.dd2ccaca3d8e078a6b20c3583bc0bd54.jpg
٤٤٨٤٤,./Rdata/raw_dataa-23-_JPG.rf.575e167610188eb37c8ba7f631eb7986.jpg
٩٧,./Rdata/raw_dataa-230-_JPG.rf.2e3d8f4780da425aef85100b782e5e70.jpg
٣٣٣٣٣,./Rdata/raw_dataa-231-_JPG.rf.a1608dbd058636bffa0446373463d144.jpg
٧٠٠٠٠,./Rdata/raw_dataa-232-_JPG.rf.f38fa32fa0a65d2d1a77538a3d6e92b0.jpg
١٦١١٩,./Rdata/raw_dataa-234-_JPG.rf.7864edd76f0b446acc307a419eb15df2.jpg
٨٠٠,./Rdata/raw_dataa-236-_JPG.rf.09aee638b35eec20a49cd4f35601614b.jpg
٢٢٠٢٢,./Rdata/raw_dataa-237-_JPG.rf.086fb8275cb2f232fc772fec9aa7df0c.jpg
٤٤٠٠,./Rdata/raw_dataa-239-_JPG.rf.40cbf7b1f4af7476faad4ae2c382691a.jpg
٢١٧١٧١,./Rdata/raw_dataa-241-_JPG.rf.99025c8e16ab32a3d30974efa582c6e5.jpg
١١٠,./Rdata/raw_dataa-244-_JPG.rf.05c80b15fce7c2b05a9d9f7a905e6d70.jpg
٢٠١٨,./Rdata/raw_dataa-245-_JPG.rf.760ac2b9ba807b417b155618dbd90cdd.jpg
٦٩٥٧٢,./Rdata/raw_dataa-251-_JPG.rf.3e93150376d1bc02a547e0d89ecccf7e.jpg
١٨١٨٨,./Rdata/raw_dataa-263-_JPG.rf.9afe83401b2d56e937e90477ab28eaa1.jpg
٢٢٣٤١,./Rdata/raw_dataa-265-_JPG.rf.8d81ae1672adfb1c15de86072d2bcb42.jpg
٢٨٩٢٣,./Rdata/raw_dataa-268-b_JPG.rf.88844615e924f453038c7dc340d9df21.jpg
١١٦,./Rdata/raw_dataa-272-_JPG.rf.7dfcefa84ef315009e8659d81aeaa9a4.jpg
١١١,./Rdata/raw_dataa-273-_JPG.rf.3bfb9e33507ca7b7037d73bf311a0986.jpg
٧٧٢٧٧,./Rdata/raw_dataa-276-_JPG.rf.3bbe1c8479a338adac44fc82636e93a1.jpg
٣١٤١٢,./Rdata/raw_dataa-28-_JPG.rf.8fbc01a2fcccc2f907d92cc695b94a60.jpg
١١٠٠٠,./Rdata/raw_dataa-281-_JPG.rf.b29339157950525ecd7ff7d43f113a08.jpg
٢٧٩٢٢١,./Rdata/raw_dataa-284-_JPG.rf.4c07e77021625b965ac2466f01553a35.jpg
٨٥٨٥,./Rdata/raw_dataa-293-_JPG.rf.dabb84a355664168b6ec09ed4e49aa26.jpg
٥٩٥٩,./Rdata/raw_dataa-294-_JPG.rf.f6bf55c07d9ab36f7948b12f1fb81681.jpg
١٩٢٥٦١,./Rdata/raw_dataa-296-_JPG.rf.ecdf80031d8f1409d1d197c3d18c4c2c.jpg
٩,./Rdata/raw_dataa-30-_JPG.rf.02e6ad02eedf4226ccc8158304900351.jpg
١٠٨٨,./Rdata/raw_dataa-300-_JPG.rf.7e21f5ba63e3d82c0d394985f568d253.jpg
٢٠٠٠,./Rdata/raw_dataa-306-_JPG.rf.d841fa3ceb0fe346bbdca26ad58b6759.jpg
٧٣٥٥,./Rdata/raw_dataa-308-_JPG.rf.a930865a951af0bda0253faa4e6e9587.jpg
١٧,./Rdata/raw_dataa-309-b_JPG.rf.2da5b2285897320264ae664f9c6b2ce9.jpg
٧٣,./Rdata/raw_dataa-309-copy-b_JPG.rf.76c6882f97202db91eb8dd873761f32f.jpg
٤٢٤٠٦١,./Rdata/raw_dataa-310-_JPG.rf.52ccef72e6c656b7488152c0c6624ad7.jpg
١٤٤٢٤٧,./Rdata/raw_dataa-314-_JPG.rf.53e4f64d85e6c89c16f5c050ee74a224.jpg
٦٣٢٧٧,./Rdata/raw_dataa-315-_JPG.rf.62bb05aef6a9298abf6978f61a293286.jpg
٢٢٠٩٣٤,./Rdata/raw_dataa-319-_JPG.rf.dbd435b5ca462942c2cdfbc82ba8afe0.jpg
٥٩٥٥٩,./Rdata/raw_dataa-320-_JPG.rf.2344e41f7ada923014bd5275a0987fca.jpg
٢٣٣٤٢٧,./Rdata/raw_dataa-322-1-_JPG.rf.28d9f9244457014dae904955721f0d91.jpg
١١١١١,./Rdata/raw_dataa-326-b_JPG.rf.6239a1f4e7f5f7696b697beec8afcd90.jpg
١٣٩٧,./Rdata/raw_dataa-327-_JPG.rf.e560e462f61c3eca615c6ecb28875fcd.jpg
٢,./Rdata/raw_dataa-328-_JPG.rf.64bf636559fd2fad78599be441bbdbd0.jpg
٢٧٦٣٤,./Rdata/raw_dataa-329-_JPG.rf.2685410c8bc3dd04f378838d8cdfd26f.jpg
١٧٤٢٩,./Rdata/raw_dataa-332-_JPG.rf.650c0fa56aca4e20c3d32373b245ca97.jpg
٧٤١٠١,./Rdata/raw_dataa-335-_JPG.rf.9a825af033ca4ebc49aab1b6c659119e.jpg
٦٦٨٨٨,./Rdata/raw_dataa-338-_JPG.rf.c55ae7c08518688e562371169711c04b.jpg
٢٠,./Rdata/raw_dataa-340-_JPG.rf.1b9a5a3d7ed601cc434aaa53e8ec07ad.jpg
٩٤٧٢٢,./Rdata/raw_dataa-343-_JPG.rf.1dd723b9c1c95b65df06d31b3afc23bc.jpg
١٠٩٣٣,./Rdata/raw_dataa-344-_JPG.rf.e4a7ec248ebede060a9391aed0986da0.jpg
٩١٤,./Rdata/raw_dataa-347-_JPG.rf.578f96f724f9c3ed57b97fc16c8ca27f.jpg
٢١١٧٣٢,./Rdata/raw_dataa-348-_JPG.rf.96a83df90389251c411ec962a7a669d8.jpg
٤٤٤,./Rdata/raw_dataa-350-_JPG.rf.d819224ace0d5c193d8561923e404ac9.jpg
١٥١٥,./Rdata/raw_dataa-351-_JPG.rf.adc27366dfcbe1c924788b5d39367949.jpg
٤٢٤٤,./Rdata/raw_dataa-352-_JPG.rf.7a5249f64e63c048544972913e2e9b5d.jpg
٨٨٨٨٨,./Rdata/raw_dataa-355-_JPG.rf.33477d8340396a59830a46435ef31034.jpg
٥٨٠٧٣,./Rdata/raw_dataa-36-b_JPG.rf.f14ea7ff199ee06369df8c944ecdca0c.jpg
٥٢,./Rdata/raw_dataa-361-b_JPG.rf.659582654a7c38e4672cd3efee770203.jpg
١١,./Rdata/raw_dataa-364-_JPG.rf.b2818375eec02dfaf09352962df43727.jpg
١٣٢٧٤٣,./Rdata/raw_dataa-368-_JPG.rf.36c6cf353ac94082f94ea57ac69f86af.jpg
٤٤٥١,./Rdata/raw_dataa-37-_JPG.rf.00c1879cc79925f2c40b180dea0e28e8.jpg
٣١١٠٦٢,./Rdata/raw_dataa-374-b_JPG.rf.3c9113b84f7b7bfa3a47a43bd1f7af45.jpg
١٢,./Rdata/raw_dataa-387-_JPG.rf.4bf77e515248ea062e37fadec2cfb041.jpg
٣٤٧٩٤٣,./Rdata/raw_dataa-397-_JPG.rf.6f5c4361fbd5b66b842327d530972f8e.jpg
٦٠٠٠٠,./Rdata/raw_dataa-401-_JPG.rf.4847e56b1d10071e64d35453cecbb80d.jpg
١٠٠٠٠,./Rdata/raw_dataa-405-_JPG.rf.5b4ed0ef1680b506d22dec6ab5458f8c.jpg
٢٠٠٠٠,./Rdata/raw_dataa-406-_JPG.rf.528ec0855f5413194487bfaedd9d47bf.jpg
٩٠٠,./Rdata/raw_dataa-408-_JPG.rf.c5fa90305696cd9830c126aba206beb1.jpg
١٩٨٠,./Rdata/raw_dataa-409-_JPG.rf.5a65e4638276c53f136c83550d3fe1e8.jpg
٣١١,./Rdata/raw_dataa-410-_JPG.rf.44a8d39f5819a532510a15ac7e46bcd7.jpg
٥٦,./Rdata/raw_dataa-413-_JPG.rf.755df3d16b9bbe04d8922ed6afd7e3be.jpg
٨٦٦٠٥,./Rdata/raw_dataa-415-_JPG.rf.64946df6ce3fccf7177cb09d71a8932d.jpg
٣٢١٨٥,./Rdata/raw_dataa-422-_JPG.rf.0032b07c41e1ce617216b5ba02b8dd89.jpg
٥١١٤٧,./Rdata/raw_dataa-425-_JPG.rf.068abe0010f8c23ee22a49b1dc13cb93.jpg
٤٤٤٤٧,./Rdata/raw_dataa-426-_JPG.rf.507fe71d89eb88e9869ca123ad2ab557.jpg
٦٧٨٦٤,./Rdata/raw_dataa-427-_JPG.rf.564207d6825bd1f4b580645f2ae0ea67.jpg
١٣٩٥١٤,./Rdata/raw_dataa-43-_JPG.rf.1ec76e46e9c41e9cad31bbd58bc6315c.jpg
٤١٣٦٧٣,./Rdata/raw_dataa-430-_JPG.rf.26d1ae5a3db3897503f6a12ec4779544.jpg
٩٠٠٠,./Rdata/raw_dataa-431-_JPG.rf.c7060974cdbcf5ef24702ef71df4eb00.jpg
٧٦٨٨٨,./Rdata/raw_dataa-434-_JPG.rf.57fc15f2ecd49dcff0ac78c75d81782b.jpg
٥٠,./Rdata/raw_dataa-435-_JPG.rf.5f3a32452b312cc73f4d6fe64cb5082d.jpg
٩٩٥,./Rdata/raw_dataa-447-_JPG.rf.4eaa6cbd848e003eab9452140e77f9ae.jpg
٣٣٩٩,./Rdata/raw_dataa-450-1-_JPG.rf.aa710e3687fae1c25650dc3a28500592.jpg
٢٧٠,./Rdata/raw_dataa-451-_JPG.rf.686a1b821856c8e5ddb158b1d05394de.jpg
١٧٥,./Rdata/raw_dataa-452-_JPG.rf.43abff588ac00058a4634d3008f63fc9.jpg
١٩٧,./Rdata/raw_dataa-453-_JPG.rf.04add9a3a5f1a1ea05a69c36718f07b6.jpg
٧٨,./Rdata/raw_dataa-454-_JPG.rf.78bffa9980f5ea9034bc83b0ba1226e8.jpg
٦٣,./Rdata/raw_dataa-455-_JPG.rf.f05aa8857aa37ff358d9b4c92f9522ac.jpg
٣٣,./Rdata/raw_dataa-456-_JPG.rf.7b78920159ea95f535022f1b1dd54def.jpg
٣٣٢٢١٠,./Rdata/raw_dataa-466-_JPG.rf.f6707ce6a4dded6687a64c8c70d0b6cb.jpg
٧١٧٦٠,./Rdata/raw_dataa-469-_JPG.rf.c01713549fa6596b7853f82e709deee8.jpg
١٥٧٢٠٧,./Rdata/raw_dataa-47-_JPG.rf.0a1e3dddc6ff28d8ace8e3b2816fd2db.jpg
٢٨٠٥٠٧,./Rdata/raw_dataa-470-_JPG.rf.5f73e40bac3075d1364ce83eaae7aae1.jpg
٩٤٠٠٠,./Rdata/raw_dataa-471-_JPG.rf.71c02de453f282ea9e2b19db04416ef1.jpg
٧٩,./Rdata/raw_dataa-472-_JPG.rf.f4f10a93c52e655b16f1b0adc63b0b3a.jpg
١٨٢٢١١,./Rdata/raw_dataa-473-_JPG.rf.3ac69127b892bec8802385af8d375eb5.jpg
١٢٣,./Rdata/raw_dataa-477-b_JPG.rf.05e398a1ae334a2dcf2b31da9f3e102d.jpg
٢٠٢,./Rdata/raw_dataa-477-copy-b_JPG.rf.c4e5872880cda228704e5dd1df18cff3.jpg
٤٨٠٦٠,./Rdata/raw_dataa-478-_JPG.rf.721ce1d6a19064e052de1b684c6da187.jpg
١٨٠٨١٠,./Rdata/raw_dataa-479-_JPG.rf.103aaab44b09cea2ffc86e18f8972308.jpg
١٥٢٥٢٠,./Rdata/raw_dataa-48-_JPG.rf.1ffaa9147f59011dd0d41a2e074e9e7e.jpg
١٨٤١٥٢,./Rdata/raw_dataa-480-_JPG.rf.d2a30951ad37347a916adf930b72acf0.jpg
١٠١٥١٥,./Rdata/raw_dataa-484-_JPG.rf.5926039af828681693284ddcc673c373.jpg
١٠٤٠٦,./Rdata/raw_dataa-485-_JPG.rf.33ecc3fbb9f3c3839aa28fd1b1448fc3.jpg
١٠,./Rdata/raw_dataa-49-_JPG.rf.2b502678019971c4224e4e2c8dca69fa.jpg
١٤,./Rdata/raw_dataa-490-_JPG.rf.8b1fcef337c3fa33ae26a518628b2288.jpg
٣٧,./Rdata/raw_dataa-491-_JPG.rf.f325b89fdf26eda3b6a9f0ce25cf07da.jpg
٨٤,./Rdata/raw_dataa-493-_JPG.rf.3b25dbb58d5b6f28c78640fe5e8a74f5.jpg
٧٩٣٦٠,./Rdata/raw_dataa-494-_JPG.rf.96c0384ca69bfc6dc05aec7efd134e7b.jpg
٤٧٤٤١,./Rdata/raw_dataa-50-_JPG.rf.0c93322ff328ab66d1ed5c824ced3914.jpg
٣٠٣٠٣٠,./Rdata/raw_dataa-500-_JPG.rf.85b190f151db7aeb17dce35dcbd1bdec.jpg
١٣٩٨١,./Rdata/raw_dataa-502-_JPG.rf.12c242e0cf23a9a37e87d211cc0bfb0e.jpg
٧٠٤٠٧,./Rdata/raw_dataa-503-_JPG.rf.6b26ec11ff8bbaded988656661dadaee.jpg
٨٧,./Rdata/raw_dataa-504-_JPG.rf.364b9c4e3205da0b52d2b558e7892b64.jpg
١١٣٥١٥,./Rdata/raw_dataa-506-_JPG.rf.c0cec03593321ddd16f6eff60860a8b7.jpg
٥٣٥,./Rdata/raw_dataa-507-_JPG.rf.52bf3621dd1fed2afb0f492d380c8ba1.jpg
٨٥٧١,./Rdata/raw_dataa-520-_JPG.rf.32a42ea741d108ad4e142107fbd838d9.jpg
٢١,./Rdata/raw_dataa-521-_JPG.rf.ab2293dae86d84fe94f7530de1943b4b.jpg
٨٨١,./Rdata/raw_dataa-522-_JPG.rf.178e28969da33c66eb0adfce719a2d9d.jpg
٤٤٤٤٨,./Rdata/raw_dataa-524-_JPG.rf.eb0c94ff51205df663d861bf5c793192.jpg
٢٠٩١٩٠,./Rdata/raw_dataa-527-_JPG.rf.05d7d8d221d2362510f5cc4905f30085.jpg
٧٥٥٤,./Rdata/raw_dataa-528-_JPG.rf.56ddf868ff6f108169bdc23ec9a039de.jpg
٢٠٨٦٤٧,./Rdata/raw_dataa-530-_JPG.rf.973dc9a36d011b7fab66f53d1fec581a.jpg
٣٠٨٧٤٧,./Rdata/raw_dataa-531-_JPG.rf.004bbb54aa4329fae325c395a2cfa42f.jpg
٦٥,./Rdata/raw_dataa-533-_JPG.rf.51dedbccf526fee776d8ff847807581d.jpg
٤٠٤٤٧٦,./Rdata/raw_dataa-536-_JPG.rf.2cfde40257023daf9dfa89c81033e6cd.jpg
٥١٨٨٥,./Rdata/raw_dataa-539-_JPG.rf.42f8118f7e075d0a1a9f37618938ae5e.jpg
٨٣٤٧٥,./Rdata/raw_dataa-54-_JPG.rf.0a9709ead9b3319753d8bc4232d31747.jpg
١٧٨٠٢٩,./Rdata/raw_dataa-560-_JPG.rf.0748c8cfb25e920f58441e3a5e12bf34.jpg
٨٦٠٢٨,./Rdata/raw_dataa-567-_JPG.rf.05185280bbadef962f1009e58f85b2f3.jpg
٣٢٢١٣,./Rdata/raw_dataa-569-_JPG.rf.d55516ca444ffad8a489a6f9bd6b1279.jpg
٩٨٧٩٦,./Rdata/raw_dataa-6-_JPG.rf.f95e7b601d9729cc36d5ee7864d761de.jpg
٤١٣٦,./Rdata/raw_dataa-63-b_JPG.rf.6c4b659c0911ab6e7494b0e9c50eff82.jpg
٤٧٧٤٦,./Rdata/raw_dataa-67-_JPG.rf.8a665b43583be3355a5b1ef229bbf25b.jpg
٧١٥٠٥,./Rdata/raw_dataa-69-b_JPG.rf.14194506c50c1f61122d452159fc45d0.jpg
٧٤٤,./Rdata/raw_dataa-70-_JPG.rf.1912effc6f81ed9d2bc8286feb7f64c3.jpg
٩١١,./Rdata/raw_dataa-74-_JPG.rf.9db95f850b0cd0902d9fb186dfb56a73.jpg
٥٧٤٤,./Rdata/raw_dataa-75-_JPG.rf.24b4239c8e9b679d5d94a1ad7d389b10.jpg
١٧٠٠٢٣,./Rdata/raw_dataa-82-_JPG.rf.7fd8e0450be0aab3877bf9f2055b45a8.jpg
١٤٤١٢٣,./Rdata/raw_dataa-85-_JPG.rf.73f6d89a19bdd3a44d3009e3e4910639.jpg
٥٨١٢٢,./Rdata/raw_dataa-88-_JPG.rf.987772dbd71d7dde813e2c0fe5ffec08.jpg
٢٠٣٨٥,./Rdata/raw_dataa-9-_JPG.rf.01c4cf26d910f0fe192adafd8d04accb.jpg
١٧٠١٢,./Rdata/raw_dataa-95-_JPG.rf.d230459835ed94b2627369ac8f03c403.jpg
٥٩٢٨٥٩,./Rdata/raw_dataa_jpg.rf.04757e917f8caf8a5c0646c3972e07d4.jpg
٤٨٢٠٠٠,./Rdata/raw_datab1_jpg.rf.f7721aba189e48bd726f91244ab778e3.jpg
١٢٣٩٦,./Rdata/raw_datab2_jpg.rf.28215bf81b238e9247bbbd8b2119569f.jpg
٧٠٢٦٩,./Rdata/raw_databz100_jpg.rf.0692414ad937d73fa0bcb591468a49f3.jpg
٧٣٠١٢,./Rdata/raw_databz101_jpg.rf.12ce8f3c650379cc03c23b7a397392e0.jpg
٢٤٣٦٦,./Rdata/raw_databz105_jpg.rf.9f71f231bd85de3a684209b5071e7884.jpg
٤١٠٢٨,./Rdata/raw_databz106_jpg.rf.be074db2589c0a9a153dd11fe18b71b3.jpg
٣٠٨٨٨,./Rdata/raw_databz107_jpg.rf.bc7ebfc50542114108bc86fdc95781a9.jpg
٢٨٩٢٦,./Rdata/raw_databz109_jpg.rf.8ae3a251d9b50d399ead857549331f3a.jpg
٤٥٣٢٧,./Rdata/raw_databz10_jpg.rf.79332805676083d7bf825ba533df59ea.jpg
٣٧٠٧٥,./Rdata/raw_databz110_jpg.rf.2ac92e1b877990ab81c41ded144e5a38.jpg
١٧٦١٥,./Rdata/raw_databz111_jpg.rf.18700f6a20aedcf76985a6f1492e1d42.jpg
٧٤٦١٣,./Rdata/raw_databz112_jpg.rf.e745219eda92a50161a97c770edffb2a.jpg
٥٢٨٤٦,./Rdata/raw_databz113_jpg.rf.05845d3fe15d2b9da6e3c9c2d3b9fa52.jpg
٨٣١٧٢,./Rdata/raw_databz114_jpg.rf.65afb9d6ccd0d0097d0b643c08ea3b84.jpg
١٨٢٨٤,./Rdata/raw_databz115_jpg.rf.7d0219e42dae10d5ec8697796e443f79.jpg
٧٤٩٨٢,./Rdata/raw_databz116_jpg.rf.fb86a86e6ea0b24d8f7a9dcf6491bbfb.jpg
٤٥٦٧٢,./Rdata/raw_databz117_jpg.rf.7c9c073e2026e2145c3168b806234bf0.jpg
٥٥٤٦,./Rdata/raw_databz118_jpg.rf.e07f673bd70315f66a29197567710e14.jpg
٥٣٢١٩,./Rdata/raw_databz11_jpg.rf.2ffbd8f01ddcd66903714ac80b9be9fb.jpg
٢١٨٦٦,./Rdata/raw_databz120_jpg.rf.2ffb3f4a6204fd521526015538cc2eb9.jpg
١٩٥٧٨,./Rdata/raw_databz123_jpg.rf.f045b3a5ab3d29ccb572b2d359d08154.jpg
٥٤٣٩٥,./Rdata/raw_databz125_png.rf.41da264290b157e920d30c023cba8010.jpg
٤٣٠١٠٠,./Rdata/raw_databz127_png.rf.96e61c9072df4dcff67d4a5d6faa2eab.jpg
٦٠٤٣٨,./Rdata/raw_databz128_png.rf.951c0276e0ab40f76c04e612e51c1734.jpg
٣٠٣٠٦,./Rdata/raw_databz129_png.rf.00b245888373e9748a54c44abaf95200.jpg
٥٦٤٠٠,./Rdata/raw_databz12_jpg.rf.f2f5a557befad38e58d1697a2ad157ec.jpg
٢٩٨٢٦,./Rdata/raw_databz16_jpg.rf.9c10b0c7c4032dbc861488d8141e3da9.jpg
٢٩٢٥٦٩,./Rdata/raw_databz19_jpg.rf.b416bd49ee4d17f0e36818e95000caf1.jpg
٨٨٥٠٥,./Rdata/raw_databz1_jpg.rf.2c760411a0146e47678b9cb1e110296b.jpg
٢١٤٠٣,./Rdata/raw_databz20_jpg.rf.56742ce05d055bd39fbce962e133cdb0.jpg
٥٣٢٢١٩,./Rdata/raw_databz23_jpg.rf.0dacb012c4d5b8f1131ab8f1f59019b0.jpg
٩٢٠٦٩,./Rdata/raw_databz25_jpg.rf.26f81955cf91c66f8c6034f29ab06af2.jpg
١٩٣٧٣,./Rdata/raw_databz26_jpg.rf.9113270470ea35ca261126e8f12e0477.jpg
٢٦٥٨٦٩,./Rdata/raw_databz27_jpg.rf.5604d9cecb99d7148eac11d7feed36d3.jpg
٨٨٦٠٥,./Rdata/raw_databz2_jpg.rf.84fbf1224fcbbd13becc6571cd5d33d7.jpg
٤٣٢٨٧٧,./Rdata/raw_databz31_jpg.rf.6091f246c831b0cc67dee2a9e605fa55.jpg
٥١٣٧٣,./Rdata/raw_databz32_jpg.rf.701587cc8ec9cdc83909b810357f2077.jpg
٧١٣٣٦,./Rdata/raw_databz36_jpg.rf.ad0aa2493bca3e0163bc4cdbdc096520.jpg
٣٤٧٢١١,./Rdata/raw_databz37_jpg.rf.7391b6c06886614e4245f29802429653.jpg
٥٥٣١٦,./Rdata/raw_databz45_jpg.rf.f842501d10a0d074eef759f33107786e.jpg
٤٤٩٨٦,./Rdata/raw_databz46_jpg.rf.c4bd2d3637bb12b276a2890abe6dd239.jpg
٢١٠,./Rdata/raw_databz48_jpg.rf.99516bb7bf086cc5df8021c82e02e8ae.jpg
٥٥٣٣١٦,./Rdata/raw_databz50_jpg.rf.430c35f3816367e030b4c42bac45d84d.jpg
٢٣٤٦٢,./Rdata/raw_databz51_jpg.rf.061522cdfd68c02dbf6123090787e2e2.jpg
٢٨٠٢٤٠,./Rdata/raw_databz52_jpg.rf.dcf21b1b15a78311ded688a13c23973b.jpg
٥٨٩٤٧,./Rdata/raw_databz53_jpg.rf.cfd81f92e36506c589e7640d9d8c1780.jpg
١٨٨٠٣٠,./Rdata/raw_databz57_jpg.rf.3308ee73a796348fdb59852f253e703d.jpg
١١٤٢٢,./Rdata/raw_databz59_jpg.rf.fbee540665e0e4a23e56316c85b21c19.jpg
٢٤١١٥,./Rdata/raw_databz60_jpg.rf.3b5a4a07416872513ff882d618d9e64f.jpg
٩٥١٩٣,./Rdata/raw_databz61_jpg.rf.911f702e30ec19506dfb87a221436afb.jpg
١٧٥٥٣٨,./Rdata/raw_databz62_jpg.rf.00b92dbf7b5483b032b57e65b2eaf340.jpg
١٢٣٥١,./Rdata/raw_databz63_jpg.rf.d5d1b9e46f5b1ce8f93b11d8130407db.jpg
٦٣٩٩٠,./Rdata/raw_databz65_jpg.rf.4e236bfff954ebe08aefffd08c6331de.jpg
١٥٥٢٣,./Rdata/raw_databz69_jpg.rf.1134501f588003eddb5be67abe8e5f39.jpg
٣٠٢٣,./Rdata/raw_databz72_jpg.rf.e243051ef003a915cd995773159fee9e.jpg
٣٠٢٩٣,./Rdata/raw_databz76_jpg.rf.9ddb7bb7981c884471102a3f14b6e302.jpg
٢٦٤٢,./Rdata/raw_databz77_jpg.rf.ded770e5ad0cea8ea7554a869b0a388f.jpg
٢٦١٨٤,./Rdata/raw_databz78_jpg.rf.ac0846c8d441c61d7bfa9c63cd492712.jpg
٥٧٠٩١,./Rdata/raw_databz79_jpg.rf.2870585f9b10cb2cde6d9be97f510bac.jpg
٢٦١٣٨,./Rdata/raw_databz7_jpg.rf.e657b0b35f8e068709f009fa4d981997.jpg
٣٣١٠٤٤,./Rdata/raw_databz81_jpg.rf.963fb9ad63f09def53f317d0e4a42e57.jpg
١٠٤٥٩٦,./Rdata/raw_databz83_jpg.rf.d644738d79442243ffcea736a5808770.jpg
٤٢٩٨٨٥,./Rdata/raw_databz84_jpg.rf.548246c325868ea3fc46b8793831a221.jpg
٤٦١٣٧,./Rdata/raw_databz85_jpg.rf.bd918e9be7051cde8c5a95fe12a69c7e.jpg
١٥٧٦٩,./Rdata/raw_databz86_jpg.rf.7ec7793bcf005aca66121a6423784e56.jpg
٥٢٣٩١,./Rdata/raw_databz88_jpg.rf.4c3efaeecc4ffe854fc2c0123ad46e87.jpg
٢٨١٠٦,./Rdata/raw_databz90_jpg.rf.b14a46f80a9e79ff5bc6834884675079.jpg
٥٣٦٠٥,./Rdata/raw_databz91_jpg.rf.6b4f51e6a971cc2be477e97216c5a58e.jpg
٧٩٦٩٩,./Rdata/raw_databz92_jpg.rf.b74b1c80e218ae035e98895384b31af2.jpg
٣٥٣١٣,./Rdata/raw_databz93_jpg.rf.abd99d037366ae9dbd68c0ffbf88f70c.jpg
٣١٧٠٥,./Rdata/raw_databz94_jpg.rf.72c938d59fce1809f108f138c1be43b7.jpg
٥٣٥٤٣,./Rdata/raw_databz96_jpg.rf.14d288e12876572ecfbd32fbf44aac2b.jpg
٦٩٨٣٠,./Rdata/raw_databz97_jpg.rf.43813ff37f04bb5bb6a4453b12a72d6f.jpg
٤٥٢٣٠,./Rdata/raw_databz98_jpg.rf.2763e1ec35c558da52143bc258bd9497.jpg
٤٤٤٤٤,./Rdata/raw_databz99_jpg.rf.64c364da5691c5d26d4f0c3fa6e688e6.jpg
٩٥١١٨,./Rdata/raw_dataFB_IMG_1666326884849_jpg.rf.01fc80493f6ea29dfe48b0dbeeb3c9a2.jpg
٣١٢٥٣,./Rdata/raw_dataFB_IMG_1666326923681_jpg.rf.161bb55f86a2141a55cd7446bda8033a.jpg
٢٠٤٣٩,./Rdata/raw_dataFB_IMG_1666326971310_jpg.rf.b216becfdb87e719df6dd8f5a02913ed.jpg
٦٧٢٩٤,./Rdata/raw_dataFB_IMG_1666326986320_jpg.rf.d393060a8ea857ecdaee0b32aa0d4f47.jpg
٨٣١٩٧,./Rdata/raw_dataFB_IMG_1666326993712_jpg.rf.8c24eacd94c51ab87f26d4c3b1e87095.jpg
٢٨٢٠٦٨,./Rdata/raw_dataFB_IMG_1666327006200_jpg.rf.c2e08b20b4f064b5b0e38c1057e10e79.jpg
٤٢٩٦٢٧,./Rdata/raw_dataFB_IMG_1666327062497_jpg.rf.ab93a93e839d604db3bd4073898bc8e5.jpg
٦٣٢٠٥٧,./Rdata/raw_dataFB_IMG_1666327101158_jpg.rf.9a21ee733afde561e05c1c1caaf352cc.jpg
٦٣٧٠٠٢,./Rdata/raw_dataFB_IMG_1666327114351_jpg.rf.5b319ec85bc36f5980468ba6cb0af283.jpg
٧١٨١٧٣,./Rdata/raw_dataFB_IMG_1666327147878_jpg.rf.ab94646ce84fa132af584235aefb1754.jpg
٥٤٧١٩,./Rdata/raw_dataFB_IMG_1666327159386_jpg.rf.0e4318e15aac591750d06093ec566670.jpg
١٣٢٤٤٢,./Rdata/raw_dataFB_IMG_1666327169504_jpg.rf.931fa58cbf7a31a23634187c585e1320.jpg
٥٥١٦٥,./Rdata/raw_dataFB_IMG_1666327180412_jpg.rf.62d298232f1e794469e6bd02df6d866c.jpg
٣٨٠٠٤٢,./Rdata/raw_dataFB_IMG_1666327192762_jpg.rf.8015e4ce35d823db16081e9dbc8e2c04.jpg
٣٥٢٧١٠,./Rdata/raw_dataFB_IMG_1666327217318_jpg.rf.c5bdeaf3461dd6ebf0e0e94566d79b69.jpg
٧١٨,./Rdata/raw_dataFB_IMG_1666327230755_jpg.rf.77b05753c612d2a7c085607a6f8a6aaf.jpg
٢٣٥٥١٨,./Rdata/raw_dataFB_IMG_1666327237700_jpg.rf.f2333283765e539e07576edf83dc3fb7.jpg
١٦٨١٦,./Rdata/raw_dataFB_IMG_1666327395037_jpg.rf.01b07b5eb721395c84256ebd1ab8bef9.jpg
٩٣٤٩٠,./Rdata/raw_dataFB_IMG_1666327461678_jpg.rf.62b1e796b96c43a83d967a02f77f0c75.jpg
٥٤٦٢٧,./Rdata/raw_dataFB_IMG_1666327526963_jpg.rf.87a78013c44a1316d5dc6cdb0b01d465.jpg
٢٤٩٣٧,./Rdata/raw_dataFB_IMG_1666327534890_jpg.rf.51d146e1f72521a7e3408990fc62bea1.jpg
٨٤٥٢٠,./Rdata/raw_dataFB_IMG_1666327554006_jpg.rf.3ed659ef904f5b2992aea1ffc84379aa.jpg
٧٥٣٦٥,./Rdata/raw_dataphoto_2023-02-12_07-54-39_jpg.rf.886ac1d58ca9288e8b7bfe6e203efcd8.jpg
٦٥٤٩٦,./Rdata/raw_dataphoto_2023-02-12_07-54-42_jpg.rf.1dd99cc512e48f66527cee5d20b46509.jpg
٧٨٠٨٠,./Rdata/raw_dataphoto_2023-02-12_07-54-44_jpg.rf.53f0261ae539417aa7d04b119585e956.jpg
٧٤٦٣١,./Rdata/raw_dataphoto_2023-02-12_07-54-46_jpg.rf.7e9df9a757c52977b0abae411b7e2b0e.jpg
١٨٣٠٦٦,./Rdata/raw_dataphoto_2023-02-12_07-54-48_jpg.rf.1f07b137e10cd809a520422e617a3a04.jpg
٧٥٧٤٩,./Rdata/raw_dataphoto_2023-02-12_07-54-53_jpg.rf.d956abf8fd071f1761458d5bd0915e92.jpg
١٧٢٩٩٩,./Rdata/raw_dataphoto_2023-02-12_07-54-54_jpg.rf.acce9a1f9942dc1ccc6760aff5af2541.jpg
١٥٩٥١٥,./Rdata/raw_dataphoto_2023-02-12_07-54-56_jpg.rf.4835321e05d0210d3e8acaaeda3da626.jpg
٢٨١٣٧١,./Rdata/raw_dataphoto_2023-02-12_07-54-58_jpg.rf.ccf667e56025b517613238a4d02ed12d.jpg
٦٧١٤٣٠,./Rdata/raw_dataphoto_2023-02-12_07-55-00_jpg.rf.6986aac3a66e7177945bbbedeeec6941.jpg
٥٩٧٦١٥,./Rdata/raw_dataphoto_2023-02-12_07-55-07_jpg.rf.72181236ea9a55ca5769dd71d802221a.jpg
١٥٦٣٦٤,./Rdata/raw_dataphoto_2023-02-12_07-55-09_jpg.rf.ec174cf0262cba95d7aeed61304bf0cc.jpg
٧١٤١٦٨,./Rdata/raw_dataphoto_2023-02-12_07-55-12_jpg.rf.fe3a1e2046c94fa2a442c7510570061a.jpg
٦٢٥٧٤,./Rdata/raw_dataphoto_2023-02-12_07-55-14_jpg.rf.c18b5e887b2f43ccbda7ffb3dc994001.jpg
٣٤٠٧٥,./Rdata/raw_dataphoto_2023-02-12_07-55-16_jpg.rf.c6a022b13459c1fec7a396065127407c.jpg
٦٣٣٨٢٨,./Rdata/raw_dataphoto_2023-02-12_07-55-18_jpg.rf.492635b8d4fe0eb75b242f9f1b00c856.jpg
٦٨٣٧٥٧,./Rdata/raw_dataphoto_2023-02-12_07-55-19_jpg.rf.7095f90d8c9bb02423756f0bea3040a8.jpg
٦٠٠٣٦٤,./Rdata/raw_dataphoto_2023-02-12_07-55-21_jpg.rf.354552fe781c438d36f442b790561f6c.jpg
٣٢٥٧٣٢,./Rdata/raw_dataphoto_2023-02-12_07-55-23_jpg.rf.2cfcca2d9a617733bbc530d0b6e60cb5.jpg
٣٨٩٧٥٩,./Rdata/raw_dataphoto_2023-02-12_07-55-24_jpg.rf.d91f9c38c037e6e57c7b88c726223b7b.jpg
٢٢٣٦٣٤,./Rdata/raw_dataphoto_2023-02-12_07-55-25_jpg.rf.910877a9b7870dfb10ff933e818d8e5d.jpg
٤٣٤٦٨٢,./Rdata/raw_dataphoto_2023-02-12_07-55-27_jpg.rf.2e01c29a432e705e762abee1d6cfaa39.jpg
٦٣٦٥٩١,./Rdata/raw_dataphoto_2023-02-12_07-55-29_jpg.rf.39f711860b7c6c6a1302e3260de6444f.jpg
٣٢٨٦١٨,./Rdata/raw_dataphoto_2023-02-12_07-55-30_jpg.rf.621df704266f4ff61106bd05534ec4d9.jpg
٥٠٩٢٤٨,./Rdata/raw_dataphoto_2023-02-12_07-55-32_jpg.rf.f35782113bc2d8996129f618b4c03a50.jpg
٣٥٤٦٧٩,./Rdata/raw_dataphoto_2023-02-12_07-55-33_jpg.rf.9f3bb35865f5e29da5bab2fb4bfe8112.jpg
٦٢٦٩٩٠,./Rdata/raw_dataphoto_2023-02-12_07-55-35_jpg.rf.d0a23fa046ebadfb5beb198c89d115c8.jpg
٦٥٥٨٣٠,./Rdata/raw_dataphoto_2023-02-12_07-55-36_jpg.rf.3ac19c98dd255d54bdeedc59bc9c2563.jpg
٦١٠٤٥٧,./Rdata/raw_dataphoto_2023-02-12_07-55-38_jpg.rf.926e2a819a8bd1f101fea67d93bf7f3c.jpg
١٢١٣٧٣,./Rdata/raw_dataphoto_2023-02-12_07-55-39_jpg.rf.be04b4c47fffb79856b1270210c8f29e.jpg
٥٨١٣٨٤,./Rdata/raw_dataphoto_2023-02-12_07-55-41_jpg.rf.23fde9f52422baa72d40caf8cf429d64.jpg
٦٩٢٨٨٦,./Rdata/raw_dataphoto_2023-02-12_07-55-48_jpg.rf.55c86d46455c2eab00fd4131808cbee0.jpg
٤١٨٠٧٨,./Rdata/raw_dataphoto_2023-02-12_07-55-50_jpg.rf.ebad225df2e1e9825ed40f5e119a38f1.jpg
٥٥٦٦٦٥,./Rdata/raw_dataphoto_2023-02-12_07-55-51_jpg.rf.e2dd78ae1f143fd9969a36c6fb9dc102.jpg
٦٩٢٦٤٣,./Rdata/raw_dataphoto_2023-02-12_07-55-53_jpg.rf.414aa5aaea94cf4bddea8825f1300d4a.jpg
٥٤٢٥٢٤,./Rdata/raw_dataphoto_2023-02-12_07-55-56_jpg.rf.61d0a01ac0f7a5ab628683640560c5c1.jpg
٧٢٢٨٠,./Rdata/raw_dataphoto_2023-02-12_07-55-57_jpg.rf.d4fbba7355ec7122cc078f2c275a473c.jpg
١٦٦٩٥,./Rdata/raw_dataphoto_2023-02-12_07-55-58_jpg.rf.ee2b1f6a4b4b3c10965d03d8b803ddad.jpg
٧١٩٢٧٥,./Rdata/raw_dataphoto_2023-02-12_07-56-00_jpg.rf.5805ccde330972ca9efebc3be62f281a.jpg
٦٢٢٠١,./Rdata/raw_dataphoto_2023-02-12_07-56-02_jpg.rf.a64743eb389ad5acdce7174835299c2d.jpg
٨٣٠٧٩,./Rdata/raw_dataphoto_2023-02-12_07-56-03_jpg.rf.a300e12bf7cfcf7ef7dffb2147df3e7f.jpg
٨٦٢٩١,./Rdata/raw_dataphoto_2023-02-12_07-56-04_jpg.rf.025004c68475b32f1f54098443628329.jpg
٩٣٧١٦,./Rdata/raw_dataphoto_2023-02-12_07-56-06_jpg.rf.b32ca47e7a3763e644d09ddf57fecf3f.jpg
٢٠٣٠٥,./Rdata/raw_dataphoto_2023-02-12_07-56-07_jpg.rf.c11030d88935a0771c5cfebdff3564b5.jpg
٥٦٣٤٤,./Rdata/raw_dataphoto_2023-02-12_07-56-08_jpg.rf.4b126d2c31036aceff12094b76a11048.jpg
٩٨٩٥٣,./Rdata/raw_dataphoto_2023-02-12_07-56-10_jpg.rf.a605aa82f99ad26af247e13b05d34ee5.jpg
١٣٢٥٧,./Rdata/raw_dataphoto_2023-02-12_07-56-11_jpg.rf.4be79cc1fa878368edc739d46cc13ebf.jpg
٨٨,./Rdata/raw_dataphoto_2023-02-12_07-56-12_jpg.rf.291b75eaa5642d80ecefca0b24f696ff.jpg
٦٨٤٧٤٢,./Rdata/raw_dataphoto_2023-02-12_07-56-13_jpg.rf.b8ff66b771e944f21937b7a5a2f5d7eb.jpg
٩٧٧٧٠,./Rdata/raw_dataphoto_2023-02-12_07-56-21_jpg.rf.9b561372a32f96ac64a73d9840fadb5e.jpg
٣٥١٤٥٠,./Rdata/raw_dataphoto_2023-02-12_07-56-24_jpg.rf.0cbe6d0a6a53c751f0e7355318a28d35.jpg
٩٥٧٣٨,./Rdata/raw_dataphoto_2023-02-12_07-56-25_jpg.rf.cf0750fe913c4b337b6ebe60c238ebba.jpg
٦٥٦٩٦,./Rdata/raw_dataphoto_2023-02-12_07-56-27_jpg.rf.b24887be5e103ef7b9e6aa544b452f48.jpg
٣٠٣٣٢,./Rdata/raw_dataphoto_2023-02-12_07-56-29_jpg.rf.b502c0c38db9bf7721ebb8285afe3fac.jpg
٥٨٨٥٣,./Rdata/raw_dataphoto_2023-02-12_07-56-30_jpg.rf.6baab16526d97a7f229f80234ae07bfd.jpg
٥٠٠٠,./Rdata/raw_dataphoto_2023-02-12_07-56-31_jpg.rf.d2f4d3db2c3fe555d9c3c5921354543b.jpg
٨٩٧١٣,./Rdata/raw_dataphoto_2023-02-12_07-56-34_jpg.rf.52f6e8eb8f8148a369b7d5fd94dd5a20.jpg
٢١٩٩٥,./Rdata/raw_dataphoto_2023-02-12_07-56-36_jpg.rf.234b05649d270350f1ee8152b1595980.jpg
٢٩٠٠,./Rdata/raw_dataphoto_2023-02-12_07-56-39_jpg.rf.4f5523c17f1de58d4a32faa12342d60b.jpg
٩٦٧٩٠,./Rdata/raw_dataphoto_2023-02-12_07-56-41_jpg.rf.7349213f4de83bb0b43e739d052ad7a3.jpg
