file_name,plate_number
10_JPG.rf.92f02e83b857205023818f33d825b1da.jpg,٦٦٢٥٥١
11_JPG.rf.8266dd952e783a3f5dff8a790ef633ab.jpg,٦٠٩٢٦٩
13_JPG.rf.e52bc69522e514b0de527e59b6980603.jpg,٥٠٥٢٧
14_JPG.rf.0557a1929653538af085ba7870ddf5e4.jpg,١٢٢١٦٩
15_JPG.rf.e312e88c5d3ac787303c190bbfa30a1b.jpg,٥٢٠٧٨
16_JPG.rf.c19be1d6248e08ef788eaa32d9c81559.jpg,٥٩٨٦٤٢
17_JPG.rf.b66861de48c583d8f401c7720c965ab0.jpg,٢٣٤٢١
19_JPG.rf.54ee9d780c172748150a331845da1760.jpg,٢٢٤٢١
1_JPG.rf.800a8e3a9b2f339797e4d77367d7d0c6.jpg,٦٧٥٨٧٤
20_JPG.rf.73437b8e9b5dbbbce444ea9807f52d7b.jpg,٣٤٢١٦
21_JPG.rf.5665e9f78c4e3bc26baac6e0e3a09b3a.jpg,٦٣٧٦٨
23_JPG.rf.7dfe9da4e3ae4c19dff51087b66bbccd.jpg,٤٣٢٤٦٥
24_JPG.rf.61d242b03ae5b5cba5d4c352bfdab840.jpg,٤٩٥٨٣
25_JPG.rf.1d2ef4b4c9ba8a175fb50495603f830e.jpg,٤٩٧١٩
26_JPG.rf.3c7fd776260bf609cac310bc94a568eb.jpg,٦٢٨٠٩
27_JPG.rf.dedfb5239edb4be39d4203bb27788f1a.jpg,٦٠٠٥٦
28_JPG.rf.6e9d59e4e55cf7c69adc13cbe0987686.jpg,٦٨٢٠٩
29_JPG.rf.3e82636d34814d1aeb9a4d86688b994e.jpg,٨٤٨١١
2_JPG.rf.9156814373f13909b179ce026338f992.jpg,٤٩١٤٣٥
30_JPG.rf.2c55109aa6eed8e3af61db64fb62ece5.jpg,١٥٧٩٨
31_JPG.rf.2353682225c9a8e936fd247f25ce6fd4.jpg,٧٧٦٥١
32_JPG.rf.2a0cd38002a1f1bf7549d4b622ccd199.jpg,٢٥٤٦٢
33_JPG.rf.b9ef0ea319c005242529f6620717fed9.jpg,٦٢٧١٥٣
34_JPG.rf.8736f57c15540f8776a8e0710b548aa4.jpg,٧٩٦٦٠
35_JPG.rf.565f95f2b5c8119ee0e394dee52aa731.jpg,١١٢٨٣٧
36_JPG.rf.f5f2dad9ab576c61e2ed34c2f96f6b37.jpg,٢٩٢١٩
37_JPG.rf.6bd97f9b546828c58ed04a39e1470533.jpg,٥٩٢٨٥٣
38_JPG.rf.c25239e521d527d3c2971a8b8eb29774.jpg,٣٩٨٣٢
39_JPG.rf.dd15c424283d75e20aafd56e73352315.jpg,٤٧٧٧٠
3_JPG.rf.8f415c314b559e7a2834bbde18c97b96.jpg,٣٧٩٨٥٢
41_JPG.rf.94e66794bd6b0c926ecd057115fe0bf8.jpg,٦٩٦٣٨
42_JPG.rf.600f5598a68ca86d1889a7cd854fe3d4.jpg,٥٣٤٩٥٢
43_JPG.rf.b49f5410324f553e6281a3fb5183038e.jpg,١٧٢٦٧
44_JPG.rf.a59166ecaaa97a6e051257f3dd51017e.jpg,٢١٤١٤
45_JPG.rf.bac265cbfe0070c6e0cf63bb36a1b79f.jpg,٧٩٩١٠
46_JPG.rf.773bc482d201a64496c37fcea007daae.jpg,٧٠٨٢٤
47_JPG.rf.98d4938749a98c9805f6c2439cef430e.jpg,٦٤٢٥٨
48_JPG.rf.0647e54e003023e2802a5fcee3d50023.jpg,٧٣٤٦٨
49_JPG.rf.618bcadd9360035eef649fe53b372e96.jpg,٤٤٥٣١
4_JPG.rf.75f5437593cd1a0f3fd068bdc29f0bff.jpg,١٣٧٢٢٦
50_JPG.rf.ffebd4ce3ec13c6041437233730fdd0d.jpg,٥٦٢٢٩
51_JPG.rf.ba4e8f6058923d75514915461c589e74.jpg,٥٧٤١٤٦
52_JPG.rf.b62043c773ee2053aa80bfa1ab2f38f7.jpg,٦٥٢٢٣٧
54_JPG.rf.87ea03d9e02d36031d45011c60af8261.jpg,٢٠٩٨١٩
55_JPG.rf.e069f2f5ec1eae110d56415039676d36.jpg,٥٢٥٦٦٣
57_JPG.rf.9d590aebe8fa88e5306944514191d624.jpg,٧٨٤٣٢
58_JPG.rf.f9885bd3b2cd7af042d5de9b4e5a7e91.jpg,١١٩٨٦
59_JPG.rf.c9fbdc39747c1b924331dd97dc9dc289.jpg,٥٧٨٦٨
5_JPG.rf.01d3796b1d0934ced0247c810d55ff31.jpg,٤٦٨٠٣٠
60_JPG.rf.ade6f7eed811e80ebeb266cc797b4273.jpg,١٦٢٨
61_JPG.rf.9ae7181b60609cf2ad3a8facfd93611c.jpg,٢٣٤٧٥
6_JPG.rf.0e8a519e62da72fb364b9054e7c59157.jpg,٥٧٤١٤٧
7_JPG.rf.6abdf5749beb952ee52fa096ca4a4830.jpg,٤٩٨٧٩٩
8_JPG.rf.4084bd985217d7e0fe12583c801952af.jpg,٤٤٤١٥٤
9_JPG.rf.2ca010bd96a3f697b27488c2a8d0129c.jpg,٥١١٠٩٢
a-103-_JPG.rf.551d16d3086777b90f1325ca96258930.jpg,١٣٤٠٩
a-106-_JPG.rf.1e6aa1c250d8b0364dee0a013eb6bf62.jpg,٥٠٠٠٠
a-108-_JPG.rf.7435ae1064af64e23170d3af13f796fe.jpg,٣٠٠٠٠
a-110-_JPG.rf.6ce679d662a2fe6af2fa97c341fd70a8.jpg,٨٠٧٩٠
a-116-_JPG.rf.3f97349d895f2206d7bd4a509913de98.jpg,٣
a-118-_JPG.rf.81aba91ad1cd25901a2f54f0cc8f3f04.jpg,٨٢
a-122-_JPG.rf.e9c021da8847231607c0b67d997168b2.jpg,٣٠٢٠٢٧
a-123-_JPG.rf.e127fe7cbd2c4dc8bb488cb2907adb24.jpg,٢٢٥٤٣
a-134-_JPG.rf.75332dfe8ceacda8334b081494d2e1ee.jpg,٤٢٤٣
a-136-_JPG.rf.8259bd7794aa8934b192157ca376baff.jpg,٥٦٦٩
a-138-_JPG.rf.6101468452a035411e3c9c0569c7d91b.jpg,٧٢٠٢٠
a-14-_JPG.rf.e18dcd53e7b28fc779adffa740f40deb.jpg,٢٠٠٨
a-141-_JPG.rf.35501b22c48d8af8831338aafc050899.jpg,٦٦
a-142-_JPG.rf.45964f7d88cf4ce7e69e4d933377b312.jpg,٥٩٠
a-143-_JPG.rf.920567b15233311522f8a592037468df.jpg,٨
a-144-_JPG.rf.381085c97840b639de505664005691e8.jpg,٨٠٠٠٠
a-145-_JPG.rf.0266c370e5f7d0171ebcf5eda8ec2c73.jpg,٢٠١٧
a-148-_JPG.rf.be78f1f93bf40c5cddbcaa3605fd0ab8.jpg,١٠٠٠
a-164-_JPG.rf.0c6a9af9d9898c453c159463564ff79a.jpg,٢٢٢٢
a-168-b_JPG.rf.730c948ef3746894e1bf8c0fef435abc.jpg,١٢٠٢٠
a-17-_JPG.rf.67fdfbb211caaa8e92c1badd955f53bd.jpg,٤
a-175-_JPG.rf.5767f00b21b0096df6e056c24ee32c8d.jpg,٨٨٨٨
a-192-_JPG.rf.cffdd15a7feea03fe417d8e9ec217c7d.jpg,٥٠٣١٢
a-198-_JPG.rf.0e3bb0e8f4114277e991938654616443.jpg,١٩٧٠
a-2-b_JPG.rf.ddb7a420b99a31c906e58bde9f282d60.jpg,٥٧٥٥٧
a-2-copy-b_JPG.rf.26e687e60a02d8897c1644b83bf09343.jpg,١٣٠١٢
a-20-_JPG.rf.0d15746336a8e45632f3bbe284afb278.jpg,٢٠٣٣٠٣
a-202-_JPG.rf.6642e7a229cd1c982d06bf065934b42f.jpg,١٩٥٣
a-203-_JPG.rf.81a5e7793a41702a80628c7d31082fcb.jpg,١٠٠٠١
a-212-_JPG.rf.952e1a13fd24345d7fe191dbb323e5a5.jpg,١
a-225-_JPG.rf.dd2ccaca3d8e078a6b20c3583bc0bd54.jpg,٤٠٣
a-23-_JPG.rf.575e167610188eb37c8ba7f631eb7986.jpg,٤٤٨٤٤
a-230-_JPG.rf.2e3d8f4780da425aef85100b782e5e70.jpg,٩٧
a-231-_JPG.rf.a1608dbd058636bffa0446373463d144.jpg,٣٣٣٣٣
a-232-_JPG.rf.f38fa32fa0a65d2d1a77538a3d6e92b0.jpg,٧٠٠٠٠
a-234-_JPG.rf.7864edd76f0b446acc307a419eb15df2.jpg,١٦١١٩
a-236-_JPG.rf.09aee638b35eec20a49cd4f35601614b.jpg,٨٠٠
a-237-_JPG.rf.086fb8275cb2f232fc772fec9aa7df0c.jpg,٢٢٠٢٢
a-239-_JPG.rf.40cbf7b1f4af7476faad4ae2c382691a.jpg,٤٤٠٠
a-241-_JPG.rf.99025c8e16ab32a3d30974efa582c6e5.jpg,٢١٧١٧١
a-244-_JPG.rf.05c80b15fce7c2b05a9d9f7a905e6d70.jpg,١١٠
a-245-_JPG.rf.760ac2b9ba807b417b155618dbd90cdd.jpg,٢٠١٨
a-251-_JPG.rf.3e93150376d1bc02a547e0d89ecccf7e.jpg,٦٩٥٧٢
a-263-_JPG.rf.9afe83401b2d56e937e90477ab28eaa1.jpg,١٨١٨٨
a-265-_JPG.rf.8d81ae1672adfb1c15de86072d2bcb42.jpg,٢٢٣٤١
a-268-b_JPG.rf.88844615e924f453038c7dc340d9df21.jpg,٢٨٩٢٣
a-272-_JPG.rf.7dfcefa84ef315009e8659d81aeaa9a4.jpg,١١٦
a-273-_JPG.rf.3bfb9e33507ca7b7037d73bf311a0986.jpg,١١١
a-276-_JPG.rf.3bbe1c8479a338adac44fc82636e93a1.jpg,٧٧٢٧٧
a-28-_JPG.rf.8fbc01a2fcccc2f907d92cc695b94a60.jpg,٣١٤١٢
a-281-_JPG.rf.b29339157950525ecd7ff7d43f113a08.jpg,١١٠٠٠
a-284-_JPG.rf.4c07e77021625b965ac2466f01553a35.jpg,٢٧٩٢٢١
a-293-_JPG.rf.dabb84a355664168b6ec09ed4e49aa26.jpg,٨٥٨٥
a-294-_JPG.rf.f6bf55c07d9ab36f7948b12f1fb81681.jpg,٥٩٥٩
a-296-_JPG.rf.ecdf80031d8f1409d1d197c3d18c4c2c.jpg,١٩٢٥٦١
a-30-_JPG.rf.02e6ad02eedf4226ccc8158304900351.jpg,٩
a-300-_JPG.rf.7e21f5ba63e3d82c0d394985f568d253.jpg,١٠٨٨
a-306-_JPG.rf.d841fa3ceb0fe346bbdca26ad58b6759.jpg,٢٠٠٠
a-308-_JPG.rf.a930865a951af0bda0253faa4e6e9587.jpg,٧٣٥٥
a-309-b_JPG.rf.2da5b2285897320264ae664f9c6b2ce9.jpg,١٧
a-309-copy-b_JPG.rf.76c6882f97202db91eb8dd873761f32f.jpg,٧٣
a-310-_JPG.rf.52ccef72e6c656b7488152c0c6624ad7.jpg,٤٢٤٠٦١
a-314-_JPG.rf.53e4f64d85e6c89c16f5c050ee74a224.jpg,١٤٤٢٤٧
a-315-_JPG.rf.62bb05aef6a9298abf6978f61a293286.jpg,٦٣٢٧٧
a-319-_JPG.rf.dbd435b5ca462942c2cdfbc82ba8afe0.jpg,٢٢٠٩٣٤
a-320-_JPG.rf.2344e41f7ada923014bd5275a0987fca.jpg,٥٩٥٥٩
a-322-1-_JPG.rf.28d9f9244457014dae904955721f0d91.jpg,٢٣٣٤٢٧
a-326-b_JPG.rf.6239a1f4e7f5f7696b697beec8afcd90.jpg,١١١١١
a-327-_JPG.rf.e560e462f61c3eca615c6ecb28875fcd.jpg,١٣٩٧
a-328-_JPG.rf.64bf636559fd2fad78599be441bbdbd0.jpg,٢
a-329-_JPG.rf.2685410c8bc3dd04f378838d8cdfd26f.jpg,٢٧٦٣٤
a-332-_JPG.rf.650c0fa56aca4e20c3d32373b245ca97.jpg,١٧٤٢٩
a-335-_JPG.rf.9a825af033ca4ebc49aab1b6c659119e.jpg,٧٤١٠١
a-338-_JPG.rf.c55ae7c08518688e562371169711c04b.jpg,٦٦٨٨٨
a-340-_JPG.rf.1b9a5a3d7ed601cc434aaa53e8ec07ad.jpg,٢٠
a-343-_JPG.rf.1dd723b9c1c95b65df06d31b3afc23bc.jpg,٩٤٧٢٢
a-344-_JPG.rf.e4a7ec248ebede060a9391aed0986da0.jpg,١٠٩٣٣
a-347-_JPG.rf.578f96f724f9c3ed57b97fc16c8ca27f.jpg,٩١٤
a-348-_JPG.rf.96a83df90389251c411ec962a7a669d8.jpg,٢١١٧٣٢
a-350-_JPG.rf.d819224ace0d5c193d8561923e404ac9.jpg,٤٤٤
a-351-_JPG.rf.adc27366dfcbe1c924788b5d39367949.jpg,١٥١٥
a-352-_JPG.rf.7a5249f64e63c048544972913e2e9b5d.jpg,٤٢٤٤
a-355-_JPG.rf.33477d8340396a59830a46435ef31034.jpg,٨٨٨٨٨
a-36-b_JPG.rf.f14ea7ff199ee06369df8c944ecdca0c.jpg,٥٨٠٧٣
a-361-b_JPG.rf.659582654a7c38e4672cd3efee770203.jpg,٥٢
a-364-_JPG.rf.b2818375eec02dfaf09352962df43727.jpg,١١
a-368-_JPG.rf.36c6cf353ac94082f94ea57ac69f86af.jpg,١٣٢٧٤٣
a-37-_JPG.rf.00c1879cc79925f2c40b180dea0e28e8.jpg,٤٤٥١
a-374-b_JPG.rf.3c9113b84f7b7bfa3a47a43bd1f7af45.jpg,٣١١٠٦٢
a-387-_JPG.rf.4bf77e515248ea062e37fadec2cfb041.jpg,١٢
a-397-_JPG.rf.6f5c4361fbd5b66b842327d530972f8e.jpg,٣٤٧٩٤٣
a-401-_JPG.rf.4847e56b1d10071e64d35453cecbb80d.jpg,٦٠٠٠٠
a-405-_JPG.rf.5b4ed0ef1680b506d22dec6ab5458f8c.jpg,١٠٠٠٠
a-406-_JPG.rf.528ec0855f5413194487bfaedd9d47bf.jpg,٢٠٠٠٠
a-408-_JPG.rf.c5fa90305696cd9830c126aba206beb1.jpg,٩٠٠
a-409-_JPG.rf.5a65e4638276c53f136c83550d3fe1e8.jpg,١٩٨٠
a-410-_JPG.rf.44a8d39f5819a532510a15ac7e46bcd7.jpg,٣١١
a-413-_JPG.rf.755df3d16b9bbe04d8922ed6afd7e3be.jpg,٥٦
a-415-_JPG.rf.64946df6ce3fccf7177cb09d71a8932d.jpg,٨٦٦٠٥
a-422-_JPG.rf.0032b07c41e1ce617216b5ba02b8dd89.jpg,٣٢١٨٥
a-425-_JPG.rf.068abe0010f8c23ee22a49b1dc13cb93.jpg,٥١١٤٧
a-426-_JPG.rf.507fe71d89eb88e9869ca123ad2ab557.jpg,٤٤٤٤٧
a-427-_JPG.rf.564207d6825bd1f4b580645f2ae0ea67.jpg,٦٧٨٦٤
a-43-_JPG.rf.1ec76e46e9c41e9cad31bbd58bc6315c.jpg,١٣٩٥١٤
a-430-_JPG.rf.26d1ae5a3db3897503f6a12ec4779544.jpg,٤١٣٦٧٣
a-431-_JPG.rf.c7060974cdbcf5ef24702ef71df4eb00.jpg,٩٠٠٠
a-434-_JPG.rf.57fc15f2ecd49dcff0ac78c75d81782b.jpg,٧٦٨٨٨
a-435-_JPG.rf.5f3a32452b312cc73f4d6fe64cb5082d.jpg,٥٠
a-447-_JPG.rf.4eaa6cbd848e003eab9452140e77f9ae.jpg,٩٩٥
a-450-1-_JPG.rf.aa710e3687fae1c25650dc3a28500592.jpg,٣٣٩٩
a-451-_JPG.rf.686a1b821856c8e5ddb158b1d05394de.jpg,٢٧٠
a-452-_JPG.rf.43abff588ac00058a4634d3008f63fc9.jpg,١٧٥
a-453-_JPG.rf.04add9a3a5f1a1ea05a69c36718f07b6.jpg,١٩٧
a-454-_JPG.rf.78bffa9980f5ea9034bc83b0ba1226e8.jpg,٧٨
a-455-_JPG.rf.f05aa8857aa37ff358d9b4c92f9522ac.jpg,٦٣
a-456-_JPG.rf.7b78920159ea95f535022f1b1dd54def.jpg,٣٣
a-466-_JPG.rf.f6707ce6a4dded6687a64c8c70d0b6cb.jpg,٣٣٢٢١٠
a-469-_JPG.rf.c01713549fa6596b7853f82e709deee8.jpg,٧١٧٦٠
a-47-_JPG.rf.0a1e3dddc6ff28d8ace8e3b2816fd2db.jpg,١٥٧٢٠٧
a-470-_JPG.rf.5f73e40bac3075d1364ce83eaae7aae1.jpg,٢٨٠٥٠٧
a-471-_JPG.rf.71c02de453f282ea9e2b19db04416ef1.jpg,٩٤٠٠٠
a-472-_JPG.rf.f4f10a93c52e655b16f1b0adc63b0b3a.jpg,٧٩
a-473-_JPG.rf.3ac69127b892bec8802385af8d375eb5.jpg,١٨٢٢١١
a-477-b_JPG.rf.05e398a1ae334a2dcf2b31da9f3e102d.jpg,١٢٣
a-477-copy-b_JPG.rf.c4e5872880cda228704e5dd1df18cff3.jpg,٢٠٢
a-478-_JPG.rf.721ce1d6a19064e052de1b684c6da187.jpg,٤٨٠٦٠
a-479-_JPG.rf.103aaab44b09cea2ffc86e18f8972308.jpg,١٨٠٨١٠
a-48-_JPG.rf.1ffaa9147f59011dd0d41a2e074e9e7e.jpg,١٥٢٥٢٠
a-480-_JPG.rf.d2a30951ad37347a916adf930b72acf0.jpg,١٨٤١٥٢
a-484-_JPG.rf.5926039af828681693284ddcc673c373.jpg,١٠١٥١٥
a-485-_JPG.rf.33ecc3fbb9f3c3839aa28fd1b1448fc3.jpg,١٠٤٠٦
a-49-_JPG.rf.2b502678019971c4224e4e2c8dca69fa.jpg,١٠
a-490-_JPG.rf.8b1fcef337c3fa33ae26a518628b2288.jpg,١٤
a-491-_JPG.rf.f325b89fdf26eda3b6a9f0ce25cf07da.jpg,٣٧
a-493-_JPG.rf.3b25dbb58d5b6f28c78640fe5e8a74f5.jpg,٨٤
a-494-_JPG.rf.96c0384ca69bfc6dc05aec7efd134e7b.jpg,٧٩٣٦٠
a-50-_JPG.rf.0c93322ff328ab66d1ed5c824ced3914.jpg,٤٧٤٤١
a-500-_JPG.rf.85b190f151db7aeb17dce35dcbd1bdec.jpg,٣٠٣٠٣٠
a-502-_JPG.rf.12c242e0cf23a9a37e87d211cc0bfb0e.jpg,١٣٩٨١
a-503-_JPG.rf.6b26ec11ff8bbaded988656661dadaee.jpg,٧٠٤٠٧
a-504-_JPG.rf.364b9c4e3205da0b52d2b558e7892b64.jpg,٨٧
a-506-_JPG.rf.c0cec03593321ddd16f6eff60860a8b7.jpg,١١٣٥١٥
a-507-_JPG.rf.52bf3621dd1fed2afb0f492d380c8ba1.jpg,٥٣٥
a-520-_JPG.rf.32a42ea741d108ad4e142107fbd838d9.jpg,٨٥٧١
a-521-_JPG.rf.ab2293dae86d84fe94f7530de1943b4b.jpg,٢١
a-522-_JPG.rf.178e28969da33c66eb0adfce719a2d9d.jpg,٨٨١
a-524-_JPG.rf.eb0c94ff51205df663d861bf5c793192.jpg,٤٤٤٤٨
a-527-_JPG.rf.05d7d8d221d2362510f5cc4905f30085.jpg,٢٠٩١٩٠
a-528-_JPG.rf.56ddf868ff6f108169bdc23ec9a039de.jpg,٧٥٥٤
a-530-_JPG.rf.973dc9a36d011b7fab66f53d1fec581a.jpg,٢٠٨٦٤٧
a-531-_JPG.rf.004bbb54aa4329fae325c395a2cfa42f.jpg,٣٠٨٧٤٧
a-533-_JPG.rf.51dedbccf526fee776d8ff847807581d.jpg,٦٥
a-536-_JPG.rf.2cfde40257023daf9dfa89c81033e6cd.jpg,٤٠٤٤٧٦
a-539-_JPG.rf.42f8118f7e075d0a1a9f37618938ae5e.jpg,٥١٨٨٥
a-54-_JPG.rf.0a9709ead9b3319753d8bc4232d31747.jpg,٨٣٤٧٥
a-560-_JPG.rf.0748c8cfb25e920f58441e3a5e12bf34.jpg,١٧٨٠٢٩
a-567-_JPG.rf.05185280bbadef962f1009e58f85b2f3.jpg,٨٦٠٢٨
a-569-_JPG.rf.d55516ca444ffad8a489a6f9bd6b1279.jpg,٣٢٢١٣
a-6-_JPG.rf.f95e7b601d9729cc36d5ee7864d761de.jpg,٩٨٧٩٦
a-63-b_JPG.rf.6c4b659c0911ab6e7494b0e9c50eff82.jpg,٤١٣٦
a-67-_JPG.rf.8a665b43583be3355a5b1ef229bbf25b.jpg,٤٧٧٤٦
a-69-b_JPG.rf.14194506c50c1f61122d452159fc45d0.jpg,٧١٥٠٥
a-70-_JPG.rf.1912effc6f81ed9d2bc8286feb7f64c3.jpg,٧٤٤
a-74-_JPG.rf.9db95f850b0cd0902d9fb186dfb56a73.jpg,٩١١
a-75-_JPG.rf.24b4239c8e9b679d5d94a1ad7d389b10.jpg,٥٧٤٤
a-82-_JPG.rf.7fd8e0450be0aab3877bf9f2055b45a8.jpg,١٧٠٠٢٣
a-85-_JPG.rf.73f6d89a19bdd3a44d3009e3e4910639.jpg,١٤٤١٢٣
a-88-_JPG.rf.987772dbd71d7dde813e2c0fe5ffec08.jpg,٥٨١٢٢
a-9-_JPG.rf.01c4cf26d910f0fe192adafd8d04accb.jpg,٢٠٣٨٥
a-95-_JPG.rf.d230459835ed94b2627369ac8f03c403.jpg,١٧٠١٢
a_jpg.rf.04757e917f8caf8a5c0646c3972e07d4.jpg,٥٩٢٨٥٩
b1_jpg.rf.f7721aba189e48bd726f91244ab778e3.jpg,٤٨٢٠٠٠
b2_jpg.rf.28215bf81b238e9247bbbd8b2119569f.jpg,١٢٣٩٦
bz100_jpg.rf.0692414ad937d73fa0bcb591468a49f3.jpg,٧٠٢٦٩
bz101_jpg.rf.12ce8f3c650379cc03c23b7a397392e0.jpg,٧٣٠١٢
bz105_jpg.rf.9f71f231bd85de3a684209b5071e7884.jpg,٢٤٣٦٦
bz106_jpg.rf.be074db2589c0a9a153dd11fe18b71b3.jpg,٤١٠٢٨
bz107_jpg.rf.bc7ebfc50542114108bc86fdc95781a9.jpg,٣٠٨٨٨
bz109_jpg.rf.8ae3a251d9b50d399ead857549331f3a.jpg,٢٨٩٢٦
bz10_jpg.rf.79332805676083d7bf825ba533df59ea.jpg,٤٥٣٢٧
bz110_jpg.rf.2ac92e1b877990ab81c41ded144e5a38.jpg,٣٧٠٧٥
bz111_jpg.rf.18700f6a20aedcf76985a6f1492e1d42.jpg,١٧٦١٥
bz112_jpg.rf.e745219eda92a50161a97c770edffb2a.jpg,٧٤٦١٣
bz113_jpg.rf.05845d3fe15d2b9da6e3c9c2d3b9fa52.jpg,٥٢٨٤٦
bz114_jpg.rf.65afb9d6ccd0d0097d0b643c08ea3b84.jpg,٨٣١٧٢
bz115_jpg.rf.7d0219e42dae10d5ec8697796e443f79.jpg,١٨٢٨٤
bz116_jpg.rf.fb86a86e6ea0b24d8f7a9dcf6491bbfb.jpg,٧٤٩٨٢
bz117_jpg.rf.7c9c073e2026e2145c3168b806234bf0.jpg,٤٥٦٧٢
bz118_jpg.rf.e07f673bd70315f66a29197567710e14.jpg,٥٥٤٦
bz11_jpg.rf.2ffbd8f01ddcd66903714ac80b9be9fb.jpg,٥٣٢١٩
bz120_jpg.rf.2ffb3f4a6204fd521526015538cc2eb9.jpg,٢١٨٦٦
bz123_jpg.rf.f045b3a5ab3d29ccb572b2d359d08154.jpg,١٩٥٧٨
bz125_png.rf.41da264290b157e920d30c023cba8010.jpg,٥٤٣٩٥
bz127_png.rf.96e61c9072df4dcff67d4a5d6faa2eab.jpg,٤٣٠١٠٠
bz128_png.rf.951c0276e0ab40f76c04e612e51c1734.jpg,٦٠٤٣٨
bz129_png.rf.00b245888373e9748a54c44abaf95200.jpg,٣٠٣٠٦
bz12_jpg.rf.f2f5a557befad38e58d1697a2ad157ec.jpg,٥٦٤٠٠
bz16_jpg.rf.9c10b0c7c4032dbc861488d8141e3da9.jpg,٢٩٨٢٦
bz19_jpg.rf.b416bd49ee4d17f0e36818e95000caf1.jpg,٢٩٢٥٦٩
bz1_jpg.rf.2c760411a0146e47678b9cb1e110296b.jpg,٨٨٥٠٥
bz20_jpg.rf.56742ce05d055bd39fbce962e133cdb0.jpg,٢١٤٠٣
bz23_jpg.rf.0dacb012c4d5b8f1131ab8f1f59019b0.jpg,٥٣٢٢١٩
bz25_jpg.rf.26f81955cf91c66f8c6034f29ab06af2.jpg,٩٢٠٦٩
bz26_jpg.rf.9113270470ea35ca261126e8f12e0477.jpg,١٩٣٧٣
bz27_jpg.rf.5604d9cecb99d7148eac11d7feed36d3.jpg,٢٦٥٨٦٩
bz2_jpg.rf.84fbf1224fcbbd13becc6571cd5d33d7.jpg,٨٨٦٠٥
bz31_jpg.rf.6091f246c831b0cc67dee2a9e605fa55.jpg,٤٣٢٨٧٧
bz32_jpg.rf.701587cc8ec9cdc83909b810357f2077.jpg,٥١٣٧٣
bz36_jpg.rf.ad0aa2493bca3e0163bc4cdbdc096520.jpg,٧١٣٣٦
bz37_jpg.rf.7391b6c06886614e4245f29802429653.jpg,٣٤٧٢١١
bz45_jpg.rf.f842501d10a0d074eef759f33107786e.jpg,٥٥٣١٦
bz46_jpg.rf.c4bd2d3637bb12b276a2890abe6dd239.jpg,٤٤٩٨٦
bz48_jpg.rf.99516bb7bf086cc5df8021c82e02e8ae.jpg,٢١٠
bz50_jpg.rf.430c35f3816367e030b4c42bac45d84d.jpg,٥٥٣٣١٦
bz51_jpg.rf.061522cdfd68c02dbf6123090787e2e2.jpg,٢٣٤٦٢
bz52_jpg.rf.dcf21b1b15a78311ded688a13c23973b.jpg,٢٨٠٢٤٠
bz53_jpg.rf.cfd81f92e36506c589e7640d9d8c1780.jpg,٥٨٩٤٧
bz57_jpg.rf.3308ee73a796348fdb59852f253e703d.jpg,١٨٨٠٣٠
bz59_jpg.rf.fbee540665e0e4a23e56316c85b21c19.jpg,١١٤٢٢
bz60_jpg.rf.3b5a4a07416872513ff882d618d9e64f.jpg,٢٤١١٥
bz61_jpg.rf.911f702e30ec19506dfb87a221436afb.jpg,٩٥١٩٣
bz62_jpg.rf.00b92dbf7b5483b032b57e65b2eaf340.jpg,١٧٥٥٣٨
bz63_jpg.rf.d5d1b9e46f5b1ce8f93b11d8130407db.jpg,١٢٣٥١
bz65_jpg.rf.4e236bfff954ebe08aefffd08c6331de.jpg,٦٣٩٩٠
bz69_jpg.rf.1134501f588003eddb5be67abe8e5f39.jpg,١٥٥٢٣
bz72_jpg.rf.e243051ef003a915cd995773159fee9e.jpg,٣٠٢٣
bz76_jpg.rf.9ddb7bb7981c884471102a3f14b6e302.jpg,٣٠٢٩٣
bz77_jpg.rf.ded770e5ad0cea8ea7554a869b0a388f.jpg,٢٦٤٢
bz78_jpg.rf.ac0846c8d441c61d7bfa9c63cd492712.jpg,٢٦١٨٤
bz79_jpg.rf.2870585f9b10cb2cde6d9be97f510bac.jpg,٥٧٠٩١
bz7_jpg.rf.e657b0b35f8e068709f009fa4d981997.jpg,٢٦١٣٨
bz81_jpg.rf.963fb9ad63f09def53f317d0e4a42e57.jpg,٣٣١٠٤٤
bz83_jpg.rf.d644738d79442243ffcea736a5808770.jpg,١٠٤٥٩٦
bz84_jpg.rf.548246c325868ea3fc46b8793831a221.jpg,٤٢٩٨٨٥
bz85_jpg.rf.bd918e9be7051cde8c5a95fe12a69c7e.jpg,٤٦١٣٧
bz86_jpg.rf.7ec7793bcf005aca66121a6423784e56.jpg,١٥٧٦٩
bz88_jpg.rf.4c3efaeecc4ffe854fc2c0123ad46e87.jpg,٥٢٣٩١
bz90_jpg.rf.b14a46f80a9e79ff5bc6834884675079.jpg,٢٨١٠٦
bz91_jpg.rf.6b4f51e6a971cc2be477e97216c5a58e.jpg,٥٣٦٠٥
bz92_jpg.rf.b74b1c80e218ae035e98895384b31af2.jpg,٧٩٦٩٩
bz93_jpg.rf.abd99d037366ae9dbd68c0ffbf88f70c.jpg,٣٥٣١٣
bz94_jpg.rf.72c938d59fce1809f108f138c1be43b7.jpg,٣١٧٠٥
bz96_jpg.rf.14d288e12876572ecfbd32fbf44aac2b.jpg,٥٣٥٤٣
bz97_jpg.rf.43813ff37f04bb5bb6a4453b12a72d6f.jpg,٦٩٨٣٠
bz98_jpg.rf.2763e1ec35c558da52143bc258bd9497.jpg,٤٥٢٣٠
bz99_jpg.rf.64c364da5691c5d26d4f0c3fa6e688e6.jpg,٤٤٤٤٤
FB_IMG_1666326884849_jpg.rf.01fc80493f6ea29dfe48b0dbeeb3c9a2.jpg,٩٥١١٨
FB_IMG_1666326923681_jpg.rf.161bb55f86a2141a55cd7446bda8033a.jpg,٣١٢٥٣
FB_IMG_1666326971310_jpg.rf.b216becfdb87e719df6dd8f5a02913ed.jpg,٢٠٤٣٩
FB_IMG_1666326986320_jpg.rf.d393060a8ea857ecdaee0b32aa0d4f47.jpg,٦٧٢٩٤
FB_IMG_1666326993712_jpg.rf.8c24eacd94c51ab87f26d4c3b1e87095.jpg,٨٣١٩٧
FB_IMG_1666327006200_jpg.rf.c2e08b20b4f064b5b0e38c1057e10e79.jpg,٢٨٢٠٦٨
FB_IMG_1666327062497_jpg.rf.ab93a93e839d604db3bd4073898bc8e5.jpg,٤٢٩٦٢٧
FB_IMG_1666327101158_jpg.rf.9a21ee733afde561e05c1c1caaf352cc.jpg,٦٣٢٠٥٧
FB_IMG_1666327114351_jpg.rf.5b319ec85bc36f5980468ba6cb0af283.jpg,٦٣٧٠٠٢
FB_IMG_1666327147878_jpg.rf.ab94646ce84fa132af584235aefb1754.jpg,٧١٨١٧٣
FB_IMG_1666327159386_jpg.rf.0e4318e15aac591750d06093ec566670.jpg,٥٤٧١٩
FB_IMG_1666327169504_jpg.rf.931fa58cbf7a31a23634187c585e1320.jpg,١٣٢٤٤٢
FB_IMG_1666327180412_jpg.rf.62d298232f1e794469e6bd02df6d866c.jpg,٥٥١٦٥
FB_IMG_1666327192762_jpg.rf.8015e4ce35d823db16081e9dbc8e2c04.jpg,٣٨٠٠٤٢
FB_IMG_1666327217318_jpg.rf.c5bdeaf3461dd6ebf0e0e94566d79b69.jpg,٣٥٢٧١٠
FB_IMG_1666327230755_jpg.rf.77b05753c612d2a7c085607a6f8a6aaf.jpg,٧١٨
FB_IMG_1666327237700_jpg.rf.f2333283765e539e07576edf83dc3fb7.jpg,٢٣٥٥١٨
FB_IMG_1666327395037_jpg.rf.01b07b5eb721395c84256ebd1ab8bef9.jpg,١٦٨١٦
FB_IMG_1666327461678_jpg.rf.62b1e796b96c43a83d967a02f77f0c75.jpg,٩٣٤٩٠
FB_IMG_1666327526963_jpg.rf.87a78013c44a1316d5dc6cdb0b01d465.jpg,٥٤٦٢٧
FB_IMG_1666327534890_jpg.rf.51d146e1f72521a7e3408990fc62bea1.jpg,٢٤٩٣٧
FB_IMG_1666327554006_jpg.rf.3ed659ef904f5b2992aea1ffc84379aa.jpg,٨٤٥٢٠
photo_2023-02-12_07-54-39_jpg.rf.886ac1d58ca9288e8b7bfe6e203efcd8.jpg,٧٥٣٦٥
photo_2023-02-12_07-54-42_jpg.rf.1dd99cc512e48f66527cee5d20b46509.jpg,٦٥٤٩٦
photo_2023-02-12_07-54-44_jpg.rf.53f0261ae539417aa7d04b119585e956.jpg,٧٨٠٨٠
photo_2023-02-12_07-54-46_jpg.rf.7e9df9a757c52977b0abae411b7e2b0e.jpg,٧٤٦٣١
photo_2023-02-12_07-54-48_jpg.rf.1f07b137e10cd809a520422e617a3a04.jpg,١٨٣٠٦٦
photo_2023-02-12_07-54-53_jpg.rf.d956abf8fd071f1761458d5bd0915e92.jpg,٧٥٧٤٩
photo_2023-02-12_07-54-54_jpg.rf.acce9a1f9942dc1ccc6760aff5af2541.jpg,١٧٢٩٩٩
photo_2023-02-12_07-54-56_jpg.rf.4835321e05d0210d3e8acaaeda3da626.jpg,١٥٩٥١٥
photo_2023-02-12_07-54-58_jpg.rf.ccf667e56025b517613238a4d02ed12d.jpg,٢٨١٣٧١
photo_2023-02-12_07-55-00_jpg.rf.6986aac3a66e7177945bbbedeeec6941.jpg,٦٧١٤٣٠
photo_2023-02-12_07-55-07_jpg.rf.72181236ea9a55ca5769dd71d802221a.jpg,٥٩٧٦١٥
photo_2023-02-12_07-55-09_jpg.rf.ec174cf0262cba95d7aeed61304bf0cc.jpg,١٥٦٣٦٤
photo_2023-02-12_07-55-12_jpg.rf.fe3a1e2046c94fa2a442c7510570061a.jpg,٧١٤١٦٨
photo_2023-02-12_07-55-14_jpg.rf.c18b5e887b2f43ccbda7ffb3dc994001.jpg,٦٢٥٧٤
photo_2023-02-12_07-55-16_jpg.rf.c6a022b13459c1fec7a396065127407c.jpg,٣٤٠٧٥
photo_2023-02-12_07-55-18_jpg.rf.492635b8d4fe0eb75b242f9f1b00c856.jpg,٦٣٣٨٢٨
photo_2023-02-12_07-55-19_jpg.rf.7095f90d8c9bb02423756f0bea3040a8.jpg,٦٨٣٧٥٧
photo_2023-02-12_07-55-21_jpg.rf.354552fe781c438d36f442b790561f6c.jpg,٦٠٠٣٦٤
photo_2023-02-12_07-55-23_jpg.rf.2cfcca2d9a617733bbc530d0b6e60cb5.jpg,٣٢٥٧٣٢
photo_2023-02-12_07-55-24_jpg.rf.d91f9c38c037e6e57c7b88c726223b7b.jpg,٣٨٩٧٥٩
photo_2023-02-12_07-55-25_jpg.rf.910877a9b7870dfb10ff933e818d8e5d.jpg,٢٢٣٦٣٤
photo_2023-02-12_07-55-27_jpg.rf.2e01c29a432e705e762abee1d6cfaa39.jpg,٤٣٤٦٨٢
photo_2023-02-12_07-55-29_jpg.rf.39f711860b7c6c6a1302e3260de6444f.jpg,٦٣٦٥٩١
photo_2023-02-12_07-55-30_jpg.rf.621df704266f4ff61106bd05534ec4d9.jpg,٣٢٨٦١٨
photo_2023-02-12_07-55-32_jpg.rf.f35782113bc2d8996129f618b4c03a50.jpg,٥٠٩٢٤٨
photo_2023-02-12_07-55-33_jpg.rf.9f3bb35865f5e29da5bab2fb4bfe8112.jpg,٣٥٤٦٧٩
photo_2023-02-12_07-55-35_jpg.rf.d0a23fa046ebadfb5beb198c89d115c8.jpg,٦٢٦٩٩٠
photo_2023-02-12_07-55-36_jpg.rf.3ac19c98dd255d54bdeedc59bc9c2563.jpg,٦٥٥٨٣٠
photo_2023-02-12_07-55-38_jpg.rf.926e2a819a8bd1f101fea67d93bf7f3c.jpg,٦١٠٤٥٧
photo_2023-02-12_07-55-39_jpg.rf.be04b4c47fffb79856b1270210c8f29e.jpg,١٢١٣٧٣
photo_2023-02-12_07-55-41_jpg.rf.23fde9f52422baa72d40caf8cf429d64.jpg,٥٨١٣٨٤
photo_2023-02-12_07-55-48_jpg.rf.55c86d46455c2eab00fd4131808cbee0.jpg,٦٩٢٨٨٦
photo_2023-02-12_07-55-50_jpg.rf.ebad225df2e1e9825ed40f5e119a38f1.jpg,٤١٨٠٧٨
photo_2023-02-12_07-55-51_jpg.rf.e2dd78ae1f143fd9969a36c6fb9dc102.jpg,٥٥٦٦٦٥
photo_2023-02-12_07-55-53_jpg.rf.414aa5aaea94cf4bddea8825f1300d4a.jpg,٦٩٢٦٤٣
photo_2023-02-12_07-55-56_jpg.rf.61d0a01ac0f7a5ab628683640560c5c1.jpg,٥٤٢٥٢٤
photo_2023-02-12_07-55-57_jpg.rf.d4fbba7355ec7122cc078f2c275a473c.jpg,٧٢٢٨٠
photo_2023-02-12_07-55-58_jpg.rf.ee2b1f6a4b4b3c10965d03d8b803ddad.jpg,١٦٦٩٥
photo_2023-02-12_07-56-00_jpg.rf.5805ccde330972ca9efebc3be62f281a.jpg,٧١٩٢٧٥
photo_2023-02-12_07-56-02_jpg.rf.a64743eb389ad5acdce7174835299c2d.jpg,٦٢٢٠١
photo_2023-02-12_07-56-03_jpg.rf.a300e12bf7cfcf7ef7dffb2147df3e7f.jpg,٨٣٠٧٩
photo_2023-02-12_07-56-04_jpg.rf.025004c68475b32f1f54098443628329.jpg,٨٦٢٩١
photo_2023-02-12_07-56-06_jpg.rf.b32ca47e7a3763e644d09ddf57fecf3f.jpg,٩٣٧١٦
photo_2023-02-12_07-56-07_jpg.rf.c11030d88935a0771c5cfebdff3564b5.jpg,٢٠٣٠٥
photo_2023-02-12_07-56-08_jpg.rf.4b126d2c31036aceff12094b76a11048.jpg,٥٦٣٤٤
photo_2023-02-12_07-56-10_jpg.rf.a605aa82f99ad26af247e13b05d34ee5.jpg,٩٨٩٥٣
photo_2023-02-12_07-56-11_jpg.rf.4be79cc1fa878368edc739d46cc13ebf.jpg,١٣٢٥٧
photo_2023-02-12_07-56-12_jpg.rf.291b75eaa5642d80ecefca0b24f696ff.jpg,٨٨
photo_2023-02-12_07-56-13_jpg.rf.b8ff66b771e944f21937b7a5a2f5d7eb.jpg,٦٨٤٧٤٢
photo_2023-02-12_07-56-21_jpg.rf.9b561372a32f96ac64a73d9840fadb5e.jpg,٩٧٧٧٠
photo_2023-02-12_07-56-24_jpg.rf.0cbe6d0a6a53c751f0e7355318a28d35.jpg,٣٥١٤٥٠
photo_2023-02-12_07-56-25_jpg.rf.cf0750fe913c4b337b6ebe60c238ebba.jpg,٩٥٧٣٨
photo_2023-02-12_07-56-27_jpg.rf.b24887be5e103ef7b9e6aa544b452f48.jpg,٦٥٦٩٦
photo_2023-02-12_07-56-29_jpg.rf.b502c0c38db9bf7721ebb8285afe3fac.jpg,٣٠٣٣٢
photo_2023-02-12_07-56-30_jpg.rf.6baab16526d97a7f229f80234ae07bfd.jpg,٥٨٨٥٣
photo_2023-02-12_07-56-31_jpg.rf.d2f4d3db2c3fe555d9c3c5921354543b.jpg,٥٠٠٠
photo_2023-02-12_07-56-34_jpg.rf.52f6e8eb8f8148a369b7d5fd94dd5a20.jpg,٨٩٧١٣
photo_2023-02-12_07-56-36_jpg.rf.234b05649d270350f1ee8152b1595980.jpg,٢١٩٩٥
photo_2023-02-12_07-56-39_jpg.rf.4f5523c17f1de58d4a32faa12342d60b.jpg,٢٩٠٠
photo_2023-02-12_07-56-41_jpg.rf.7349213f4de83bb0b43e739d052ad7a3.jpg,٩٦٧٩٠
